Protein,Tissue
F2,Pulp
ACAN,Pulp
DDX23,Pulp
STPG4,Pulp
FSTL1,Pulp
SPP2,Pulp
FBLN5,Pulp
F6R013,Pulp
FARSA,Pulp
RNASEK,Pulp
ACSF2,Pulp
NAP1L4,Pulp
ANK1,Pulp
GALK1,Pulp
TRA2B,Pulp
DLST,Pulp
MYO1B,Pulp
UBE4A,Pulp
ARHGAP18,Pulp
COX4I1,Pulp
FGA,Pulp
GMPS,Pulp
ALDH16A1,Pulp
SCP2,Pulp
EIF6,Pulp
A0A3Q2I937,Pulp
LOC100071942,Pulp
ERC2,Pulp
PSMD7,Pulp
LOC100066370,Pulp
CCAR1,Pulp
SMARCA5,Pulp
AKAP11,Pulp
TIGD5,Pulp
BGN,Pulp
RCN1,Pulp
GREB1L,Pulp
APOH,Pulp
FTL,Pulp
CTH,Pulp
RRAGD,Pulp
CRISP2,Pulp
A0A3Q2GZ70,Pulp
PPIB,Pulp
PDCD6IP,Pulp
RPS3,Pulp
LAMP1,Pulp
SERPINB1,Pulp
AK3,Pulp
IDH2,Pulp
DCN,Pulp
TRIM65,Pulp
PTPRZ1,Pulp
ALDH3A2,Pulp
ARF4,Pulp
CLEC3B,Pulp
PGM5,Pulp
HNRNPA0,Pulp
A0A3Q2GXU9,Pulp
HINT2,Pulp
HNRNPH2,Pulp
FN1,Pulp
ILF2,Pulp
LAMB1,Pulp
RHOB,Pulp
OGDH,Pulp
MACF1,Pulp
MMP2,Pulp
DNAJB11,Pulp
TBR1,Pulp
NENF,Pulp
ATP2B1,Pulp
RAB11A,Pulp
MPRIP,Pulp
PRKCSH,Pulp
ACLY,Pulp
VCAN,Pulp
USP7,Pulp
F6RE30,Pulp
MGLL,Pulp
AGT,Pulp
CLEC11A,Pulp
SLC49A3,Pulp
LOC100061707,Pulp
ACTN1,Pulp
SSB,Pulp
FKBP9,Pulp
BASP1,Pulp
SH3PXD2B,Pulp
AHCYL2,Pulp
GPI,Pulp
CDC37,Pulp
VWF,Pulp
RNPS1,Pulp
LOC100059239,Pulp
ITGAM,Pulp
MYL6,Pulp
NAPG,Pulp
PPA1,Pulp
TMOD2,Pulp
HSPA9,Pulp
AKIRIN2,Pulp
SCARA3,Pulp
PRPS2,Pulp
PPP2R1A,Pulp
COX7A2,Pulp
CDC42BPA,Pulp
PSMD14,Pulp
DLAT,Pulp
PDIA3,Pulp
ANP32A,Pulp
ALB,Pulp
STMN2,Pulp
CSRP1,Pulp
MYO1G,Pulp
COL1A1,Pulp
RBBP4,Pulp
DBNL,Pulp
PCYOX1,Pulp
SEPTIN11,Pulp
FGR,Pulp
SEC23IP,Pulp
SEC13,Pulp
CYB5R3,Pulp
F6T1A4,Pulp
PRELP,Pulp
A0A3Q2HTB6,Pulp
LOC100054601,Pulp
SLC4A1,Pulp
LTBP3,Pulp
A0A3Q2HD15,Pulp
CDC5L,Pulp
TM9SF3,Pulp
APMAP,Pulp
NME2,Pulp
RPS2,Pulp
SLC12A7,Pulp
SND1,Pulp
HPCAL1,Pulp
EFHD1,Pulp
P4HB,Pulp
NCF4,Pulp
KTN1,Pulp
FKBP10,Pulp
CHCHD3,Pulp
PLEKHO2,Pulp
COL4A2,Pulp
HMGB3,Pulp
PITHD1,Pulp
ALDH7A1,Pulp
LOC111767815,Pulp
LRRC59,Pulp
A0A3Q2HF14,Pulp
SERPINH1,Pulp
CAVIN1,Pulp
WDR76,Pulp
CCT7,Pulp
PTPRC,Pulp
TYK2,Pulp
BCKDHB,Pulp
A0A3Q2H7L7,Pulp
PGP,Pulp
LMNA,Pulp
FBXO2,Pulp
SERPINA1,Pulp
CLTC,Pulp
NDUFS8,Pulp
ATP5F1A,Pulp
AP2A1,Pulp
HIPK1,Pulp
NID1,Pulp
IDH3A,Pulp
SSR4,Pulp
PCBP2,Pulp
SEPTIN8,Pulp
TCP1,Pulp
COL1A2,Pulp
PHB1,Pulp
FMOD,Pulp
PDXK,Pulp
SNRPB,Pulp
SLC25A13,Pulp
COL6A1,Pulp
CA1,Pulp
RUVBL1,Pulp
ARHGDIA,Pulp
FARP1,Pulp
PACS1,Pulp
SH3BGRL2,Pulp
ACOT9,Pulp
PALMD,Pulp
A1BG,Pulp
MRPS26,Pulp
PTPN6,Pulp
CLTB,Pulp
NDUFS1,Pulp
EPB41L2,Pulp
KNG1,Pulp
KNG1.1,Pulp
CAD,Pulp
PRDX4,Pulp
RAC1,Pulp
A0A3Q2I4Y7,Pulp
EFEMP2,Pulp
THBS1,Pulp
ECI1,Pulp
H3-3B,Pulp
ATP5F1C,Pulp
PCOLCE,Pulp
ANXA6,Pulp
COL6A2,Pulp
AMBP,Pulp
CPVL,Pulp
COL3A1,Pulp
LOC100059533,Pulp
IGFBP6,Pulp
CTNND1,Pulp
LUM,Pulp
OGN,Pulp
A0A3Q2GY67,Pulp
A0A3Q2HRN8,Pulp
ANXA2,Pulp
ENO1,Pulp
AHSG,Pulp
MCAT,Pulp
ACTN4,Pulp
ITGB2,Pulp
A0A3Q2GX72,Pulp
F12,Pulp
PSIP1,Pulp
A0A3Q2GRW3,Pulp
NMRAL1,Pulp
LOC100061787,Pulp
MYH11,Pulp
UBA6,Pulp
RAD50,Pulp
ALB.1,Pulp
USO1,Pulp
CTSD,Pulp
PRKAR2B,Pulp
C1QC,Pulp
SERPINA1.1,Pulp
EDF1,Pulp
LDHB,Pulp
NUDT9,Pulp
F6VKU3,Pulp
AHCYL1,Pulp
ADK,Pulp
PFKL,Pulp
ISYNA1,Pulp
A0A3Q2HBU2,Pulp
A0A3Q2I808,Pulp
AGPAT1,Pulp
GNPDA1,Pulp
A0A3Q2HMJ4,Pulp
F6W739,Pulp
AGL,Pulp
VDAC2,Pulp
ZYX,Pulp
DDB1,Pulp
CLTA,Pulp
RAB14,Pulp
S100A9,Pulp
CFH,Pulp
ACADVL,Pulp
AKR1B1,Pulp
TOMM70,Pulp
SUCLG2,Pulp
A0A3Q2GWK9,Pulp
MAPK1,Pulp
C8B,Pulp
CP,Pulp
IST1,Pulp
F6T0A6,Pulp
ANXA4,Pulp
SNX1,Pulp
SF3B3,Pulp
TJP1,Pulp
LOC100069277,Pulp
F6WGT1,Pulp
GANAB,Pulp
VASP,Pulp
CMPK1,Pulp
AMPD2,Pulp
A0A3Q2H0K9,Pulp
OPLAH,Pulp
ANXA7,Pulp
A0A3Q2IH68,Pulp
DECR1,Pulp
COL18A1,Pulp
UBAP2L,Pulp
PYCR1,Pulp
PSMA3,Pulp
TUBB,Pulp
RABGGTB,Pulp
ARPC3,Pulp
BANF1,Pulp
HNRNPR,Pulp
PSMD13,Pulp
PLCL2,Pulp
RASL11A,Pulp
FBN2,Pulp
CCDC102A,Pulp
PSMA7,Pulp
S100A12,Pulp
F7AED2,Pulp
PPIL3,Pulp
SOD1,Pulp
TNXB,Pulp
SGTA,Pulp
TOM1,Pulp
BAX,Pulp
SH3BGRL,Pulp
PLIN3,Pulp
PLG,Pulp
A0A3Q2I5G7,Pulp
ADD1,Pulp
A0A3Q2I574,Pulp
DPYSL2,Pulp
GDI2,Pulp
FAM13B,Pulp
POSTN,Pulp
POSTN.1,Pulp
EIF4G3,Pulp
COX4I2,Pulp
GMPPA,Pulp
RPL30,Pulp
GSN,Pulp
TNC,Pulp
CLU,Pulp
ANXA5,Pulp
SPARC,Pulp
SIRPA,Pulp
RPL18A,Pulp
ARCN1,Pulp
ENO2,Pulp
FHL1,Pulp
ANXA3,Pulp
CRK,Pulp
STOML2,Pulp
GLOD4,Pulp
VDAC3,Pulp
GJA1,Pulp
PSMC3,Pulp
AARS1,Pulp
PITPNA,Pulp
EPB42,Pulp
CAMK2D,Pulp
ABI1,Pulp
GRPEL1,Pulp
AHNAK,Pulp
ACVR1C,Pulp
A0A3Q2H875,Pulp
F6ZF09,Pulp
SEPHS1,Pulp
MARCKS,Pulp
A0A3Q2H5H5,Pulp
CNN3,Pulp
DCTN3,Pulp
A0A3Q2L2R4,Pulp
RPS20,Pulp
IQGAP1,Pulp
A0A3Q2GTT0,Pulp
A0A3Q2HID2,Pulp
ATP5F1C.1,Pulp
H9GZV1,Pulp
A0A3Q2H0T7,Pulp
EEF2,Pulp
A0A5F5PE94,Pulp
AK1,Pulp
DHRS7,Pulp
SRRT,Pulp
SNRPG,Pulp
MYO18A,Pulp
ASPN,Pulp
SERPINC1,Pulp
CACYBP,Pulp
ADISSP,Pulp
VCP,Pulp
PTPRD,Pulp
PPP1R12A,Pulp
GOT1,Pulp
CPNE3,Pulp
NUDT4,Pulp
PAICS,Pulp
CLIC1,Pulp
A0A3Q2GST2,Pulp
DLG1,Pulp
COL5A2,Pulp
CISD2,Pulp
VCL,Pulp
LCN2,Pulp
SBDS,Pulp
RDH10,Pulp
KPNB1,Pulp
RPL13,Pulp
F6ZRH8,Pulp
DPYD,Pulp
TCN1,Pulp
TUFM,Pulp
PTPN11,Pulp
HBB,Pulp
A0A5F5PEM8,Pulp
F6YS10,Pulp
NPEPL1,Pulp
A0A3Q2I117,Pulp
DDX17,Pulp
SHMT1,Pulp
TPT1,Pulp
NDUFC2,Pulp
SMC3,Pulp
LONP1,Pulp
NUP43,Pulp
DIABLO,Pulp
MTERF2,Pulp
STK4,Pulp
CAP1,Pulp
MYH10,Pulp
HAPLN1,Pulp
FBLN1,Pulp
MTCH2,Pulp
EFEMP1,Pulp
CD5L,Pulp
NDUFA12,Pulp
A0A5F5Q2T7,Pulp
SH3RF2,Pulp
PARK7,Pulp
COL6A3,Pulp
NDUFS5,Pulp
CYBB,Pulp
PSMC1,Pulp
ATP5PB,Pulp
KCTD12,Pulp
LOC100071074,Pulp
RPL24,Pulp
PTK7,Pulp
CHMP5,Pulp
RANBP1,Pulp
NANS,Pulp
GDI1,Pulp
IL1RN,Pulp
TMED9,Pulp
CRIP1,Pulp
PALLD,Pulp
TGM3,Pulp
THY1,Pulp
PMM2,Pulp
ATP2B4,Pulp
HSPA2,Pulp
LOC100067869,Pulp
APOO,Pulp
HDLBP,Pulp
H2AC19,Pulp
A0A5F5Q1C5,Pulp
PROC,Pulp
ACTR3,Pulp
YWHAG,Pulp
EIF5A2,Pulp
EHD4,Pulp
FBN1,Pulp
PSMA4,Pulp
MDH1,Pulp
TXNDC5,Pulp
LAMB2,Pulp
PLCD1,Pulp
RBM39,Pulp
MT-ATP8,Pulp
TF,Pulp
HSPD1,Pulp
AP2A2,Pulp
LZIC,Pulp
TNFRSF17,Pulp
F6SN37,Pulp
NQO2,Pulp
YWHAQ,Pulp
LOC100072592,Pulp
GAP43,Pulp
RHOG,Pulp
A0A3Q2LCW0,Pulp
A0A3Q2H018,Pulp
EHD2,Pulp
F6PTX3,Pulp
F6VRB2,Pulp
MAPT,Pulp
RPS9,Pulp
ATP13A2,Pulp
LOC100065630,Pulp
IDH1,Pulp
LOC100050992,Pulp
LGALS1,Pulp
HSPA5,Pulp
A0A5F5PNF9,Pulp
HSPG2,Pulp
TUBA4A,Pulp
HABP2,Pulp
PSMC4,Pulp
F7DI69,Pulp
RBM4B,Pulp
LOC100061763,Pulp
MYLK,Pulp
TUBA1A,Pulp
RAN,Pulp
SORBS1,Pulp
RAB31,Pulp
HNRNPL,Pulp
EIF3D,Pulp
H1-3,Pulp
LOC100053583,Pulp
CCT2,Pulp
RPN2,Pulp
TMED4,Pulp
ETFA,Pulp
A0A3Q2HLX9,Pulp
IMMT,Pulp
LOC100064703,Pulp
PDIA6,Pulp
ADH5,Pulp
A0A5F5PQH7,Pulp
PRDX1,Pulp
A0A3Q2H396,Pulp
GFER,Pulp
TUBB4B,Pulp
KRT82,Pulp
A0A3Q2HLK6,Pulp
CSPG4,Pulp
RAI14,Pulp
NAP1L1,Pulp
RAB1A,Pulp
IGFBP2,Pulp
A0A3Q2I8Q1,Pulp
F7DB59,Pulp
CCT8,Pulp
LOC111772842,Pulp
VIM,Pulp
A0A3Q2GTT5,Pulp
LAMA5,Pulp
SLC2A3,Pulp
DBN1,Pulp
HPX,Pulp
CTNNBL1,Pulp
CFL2,Pulp
F6QDH0,Pulp
H1-0,Pulp
F6YG60,Pulp
A0A3Q2HAI9,Pulp
LMNB2,Pulp
SNRPC,Pulp
DHDH,Pulp
ATP5F1B,Pulp
MARCKSL1,Pulp
PLBD1,Pulp
NDUFS6,Pulp
CCT3,Pulp
EMILIN2,Pulp
A0A3Q2H789,Pulp
CHTOP,Pulp
GFPT1,Pulp
OAT,Pulp
PDGFRB,Pulp
TP53BP1,Pulp
CANX,Pulp
SAR1B,Pulp
ERAP2,Pulp
MYH9,Pulp
UBE2V2,Pulp
DDAH2,Pulp
PAFAH1B1,Pulp
PSMA5,Pulp
PA2G4,Pulp
PIR,Pulp
OSTC,Pulp
PURA,Pulp
TAGLN2,Pulp
CA2,Pulp
TUBB2B,Pulp
MCAM,Pulp
OXSR1,Pulp
CCT6A,Pulp
FLNA,Pulp
SNRPD2,Pulp
RPL37A,Pulp
PDCD4,Pulp
PPP1R7,Pulp
SF3B1,Pulp
A0A5F5PEF5,Pulp
DNM2,Pulp
NUCB2,Pulp
DPT,Pulp
DLD,Pulp
PADI4,Pulp
DCUN1D1,Pulp
UACA,Pulp
RPS21,Pulp
MAOA,Pulp
HSP90AA1,Pulp
CTNNA1,Pulp
TXNL1,Pulp
CARHSP1,Pulp
PGK1,Pulp
PEBP1,Pulp
K9K4D8,Pulp
ITIH4,Pulp
RAP1A,Pulp
PPIA,Pulp
PFDN4,Pulp
LAMC1,Pulp
GALM,Pulp
IGHM,Pulp
A0A3Q2HD35,Pulp
F6YN05,Pulp
SYNCRIP,Pulp
FKBP4,Pulp
HCK,Pulp
COL15A1,Pulp
GNB2,Pulp
SPTA1,Pulp
RPL7A,Pulp
SEPTIN2,Pulp
LOC100630020,Pulp
A0A3Q2GTA9,Pulp
S100A1,Pulp
TAGLN,Pulp
F6UII0,Pulp
HSPB1,Pulp
PSMB5,Pulp
RETN,Pulp
GSR,Pulp
A0A3Q2I1W3,Pulp
GPC1,Pulp
ACTC1,Pulp
F7C456,Pulp
ANXA11,Pulp
F7CBR0,Pulp
A0A3Q2IHJ0,Pulp
NSF,Pulp
HDAC1,Pulp
DYNC1I2,Pulp
ITGB1,Pulp
PLA2G2A,Pulp
A2M,Pulp
A0A3Q2L8T9,Pulp
CRYM,Pulp
RAB27A,Pulp
MYL12B,Pulp
SERPING1,Pulp
H9GZT5,Pulp
A0A3Q2LEB1,Pulp
TLN1,Pulp
MACROH2A2,Pulp
ATP6V1G1,Pulp
LOX,Pulp
A0A3Q2H8X2,Pulp
SPTB,Pulp
CFP,Pulp
DPP3,Pulp
RRP9,Pulp
SLC44A2,Pulp
LTBP4,Pulp
SDCBP,Pulp
CD9,Pulp
A0A3Q2I9B9,Pulp
HLA-DRA,Pulp
MTPN,Pulp
SNRPA,Pulp
MAG,Pulp
MATR3,Pulp
HDGF,Pulp
VNN1,Pulp
A0A3Q2I7E3,Pulp
A0A3Q2GXB1,Pulp
LYZ,Pulp
NCF2,Pulp
TMED10,Pulp
GPHN,Pulp
HSPA4,Pulp
PTX3,Pulp
NDUFV1,Pulp
PHGDH,Pulp
NDUFS4,Pulp
RCC2,Pulp
PFN1,Pulp
TXN,Pulp
A0A3Q2H0N3,Pulp
LOC100066419,Pulp
F6WVD1,Pulp
RPS6,Pulp
A2M.1,Pulp
RPL7,Pulp
B4GALT2,Pulp
HVCN1,Pulp
CALR,Pulp
NPEPPS,Pulp
A0A3Q2GU03,Pulp
SULT1C4,Pulp
LCP1,Pulp
ATP6V1A,Pulp
KRT1,Pulp
TMX4,Pulp
BAG6,Pulp
CRYZ,Pulp
ITIH1,Pulp
A0A3Q2I5C4,Pulp
AIMP1,Pulp
CHMP4A,Pulp
ANK3,Pulp
PSMD2,Pulp
KHSRP,Pulp
PGRMC1,Pulp
A0A3Q2GXL1,Pulp
NDUFA9,Pulp
TMX1,Pulp
A0A3Q2GWF0,Pulp
SQOR,Pulp
EWSR1,Pulp
SERPINB9,Pulp
PARK7.1,Pulp
ACTG1,Pulp
ACTB,Pulp
ITGA6,Pulp
A0A3Q2I3J1,Pulp
IGFBP7,Pulp
A0A5F5PF60,Pulp
EIF4E,Pulp
SUB1,Pulp
PGRMC2,Pulp
CPQ,Pulp
APOD,Pulp
RPS11,Pulp
HNRNPM,Pulp
HSP90B1,Pulp
NIBAN2,Pulp
MAN2B1,Pulp
H2AC5,Pulp
U2AF2,Pulp
SSR3,Pulp
RPS25,Pulp
F6VE37,Pulp
PSMD4,Pulp
NAPA,Pulp
TBCA,Pulp
SNX3,Pulp
HSPA12A,Pulp
VASN,Pulp
SLC25A12,Pulp
SNTB2,Pulp
SUMO2,Pulp
ECATH-2,Pulp
NSDHL,Pulp
RPL23,Pulp
PXN,Pulp
RPN1,Pulp
NEFM,Pulp
PSMB7,Pulp
A0A5F5Q393,Pulp
A0A3Q2I854,Pulp
VDAC1,Pulp
PKM,Pulp
ATP2A3,Pulp
CTSV,Pulp
CFI,Pulp
UTRN,Pulp
A0A3Q2HKM5,Pulp
HNRNPDL,Pulp
PFN2,Pulp
VPS35,Pulp
HSPA1A,Pulp
ACAA1,Pulp
CFB,Pulp
PTRH2,Pulp
A0A3Q2HC31,Pulp
SCAMP1,Pulp
LRP1,Pulp
MYO1F,Pulp
A0A3Q2HWM1,Pulp
ELOC,Pulp
A0A3Q2HJE7,Pulp
VNN1.1,Pulp
A0A5F5Q357,Pulp
G3BP1,Pulp
RPL28,Pulp
EIF3I,Pulp
SEC31A,Pulp
S100A10,Pulp
RNF114,Pulp
CYC1,Pulp
A0A5F5PJF5,Pulp
LOC100065833,Pulp
CNP,Pulp
THRAP3,Pulp
RPL29,Pulp
DUT,Pulp
CNDP2,Pulp
A0A3Q2HX48,Pulp
ITGA4,Pulp
ALDH9A1,Pulp
AZU1,Pulp
FKBP1A,Pulp
IGHM.1,Pulp
A0A5F5PV90,Pulp
CKAP5,Pulp
ARHGAP1,Pulp
APRT,Pulp
EIF2S1,Pulp
RPL10A,Pulp
CETN2,Pulp
WARS1,Pulp
STRAP,Pulp
OXCT1,Pulp
TBCB,Pulp
F6PQD3,Pulp
CD163,Pulp
IGHM.2,Pulp
ETFB,Pulp
BLVRB,Pulp
PGM2,Pulp
F7C349,Pulp
A0A3Q2HMJ3,Pulp
JUP,Pulp
PYGB,Pulp
SEC23A,Pulp
AKAP12,Pulp
CSDE1,Pulp
RAB11FIP5,Pulp
VPS26A,Pulp
NAXD,Pulp
HNRNPH3,Pulp
RAB18,Pulp
A0A3Q2HFE3,Pulp
L3HYPDH,Pulp
ARPC5,Pulp
QDPR,Pulp
A0A3Q2HN88,Pulp
PEPD,Pulp
SNCA,Pulp
ECM1,Pulp
EEF1D,Pulp
RPL13A,Pulp
A0A3Q2IBF3,Pulp
DERA,Pulp
LIMS2,Pulp
TALDO1,Pulp
UQCRH,Pulp
HIF3A,Pulp
LOC100050764,Pulp
CS,Pulp
SERPIND1,Pulp
HYOU1,Pulp
SMC1A,Pulp
EMILIN1,Pulp
HAGH,Pulp
METAP2,Pulp
A0A5F5PZU4,Pulp
A0A3Q2HGW2,Pulp
HSD17B8,Pulp
SERPINF2,Pulp
STX7,Pulp
CYCS,Pulp
CALD1,Pulp
DCTN2,Pulp
SERPINA1.2,Pulp
IGF2R,Pulp
PYGL,Pulp
PFKM,Pulp
SCRN1,Pulp
ITGAX,Pulp
FLNB,Pulp
RPS13,Pulp
NDUFA7,Pulp
SNX18,Pulp
A0A3Q2IAY9,Pulp
A0A3Q2HQ37,Pulp
CRIP2,Pulp
ACP1,Pulp
NDUFS3,Pulp
ESYT2,Pulp
MAP1B,Pulp
COL4A1,Pulp
SCO1,Pulp
RPLP2,Pulp
RRBP1,Pulp
MAT2B,Pulp
OLR1,Pulp
RGN,Pulp
F6ZWC7,Pulp
DNAJB1,Pulp
HNRNPA3,Pulp
NRP1,Pulp
CENPH,Pulp
CERS1,Pulp
A0A3Q2H162,Pulp
F6SXQ9,Pulp
SORD,Pulp
PURB,Pulp
ARHGDIB,Pulp
DSPP,Pulp
BCAM,Pulp
FBLN2,Pulp
UCHL1,Pulp
HSD17B4,Pulp
PC,Pulp
PADI2,Pulp
RPL4,Pulp
HIBADH,Pulp
ATP6V1H,Pulp
RPL38,Pulp
CSNK2B,Pulp
SERBP1,Pulp
TJP2,Pulp
MVP,Pulp
HBA,Pulp
EIF4A3,Pulp
HADHA,Pulp
PRDX5,Pulp
CCDC22,Pulp
RPL22,Pulp
SRSF11,Pulp
NES,Pulp
BPNT1,Pulp
FCER1G,Pulp
SRSF4,Pulp
GPC4,Pulp
A0A5F5PII4,Pulp
FHL3,Pulp
AARSD1,Pulp
PMP2,Pulp
DEK,Pulp
SLC3A2,Pulp
PSMB8,Pulp
A0A3Q2IEF5,Pulp
FGF2,Pulp
HNRNPUL2,Pulp
PSMC6,Pulp
YJEFN3,Pulp
AIMP2,Pulp
AEBP1,Pulp
AK2,Pulp
PLS3,Pulp
SCCPDH,Pulp
ALDH2,Pulp
GNAI3,Pulp
PHEX,Pulp
DDX39A,Pulp
RAB21,Pulp
SRPRB,Pulp
MSN,Pulp
AGRN,Pulp
TRIM28,Pulp
DYNC1LI2,Pulp
CKAP4,Pulp
SH3BGRL3,Pulp
F6XH74,Pulp
TMA7,Pulp
SMARCC2,Pulp
UROD,Pulp
F6SD71,Pulp
DDAH1,Pulp
F6U5P3,Pulp
MAP4,Pulp
RPSA,Pulp
HNRNPU,Pulp
EEF1B2,Pulp
A0A3Q2HKX7,Pulp
HK3,Pulp
A0A5F5PF54,Pulp
RPS7,Pulp
PRKCA,Pulp
CA3,Pulp
DDX1,Pulp
CFL1,Pulp
PTGR3,Pulp
CCT4,Pulp
ALDH1A3,Pulp
THBD,Pulp
DSTN,Pulp
SBSPON,Pulp
GARS1,Pulp
SYNPO2,Pulp
TINAGL1,Pulp
A0A3Q2H822,Pulp
SOD3,Pulp
SRI,Pulp
RPS23,Pulp
TRAK2,Pulp
LOC100054696,Pulp
HSD17B12,Pulp
PSMB1,Pulp
RPS27A,Pulp
RELA,Pulp
RPS16,Pulp
A0A3Q2HL50,Pulp
RPL14,Pulp
CHMP4B,Pulp
FLNC,Pulp
GYG1,Pulp
C4BPA,Pulp
RPS15A,Pulp
GLO1,Pulp
RAB7A,Pulp
UCHL3,Pulp
A0A5F5PZB8,Pulp
AP3B1,Pulp
SPON1,Pulp
F7CC29,Pulp
HNRNPC,Pulp
A0A5F5PJ20,Pulp
F6S568,Pulp
AHCY,Pulp
TIMP1,Pulp
A0A3Q2IB17,Pulp
YWHAE,Pulp
ANXA1,Pulp
NIT2,Pulp
OSTF1,Pulp
RAB5B,Pulp
SIRT5,Pulp
TCIRG1,Pulp
K9K2H8,Pulp
CDH13,Pulp
LMNB1,Pulp
CAPRIN1,Pulp
PPA2,Pulp
BLVRA,Pulp
A0A3Q2GX68,Pulp
SUB1.1,Pulp
TPI1,Pulp
TUBB6,Pulp
LAP3,Pulp
LMCD1,Pulp
CBX1,Pulp
SAFB,Pulp
F7CYG2,Pulp
TDRD6,Pulp
RO60,Pulp
UQCRB,Pulp
A0A5F5PZJ5,Pulp
ARMC10,Pulp
MPI,Pulp
CRABP1,Pulp
TMEM43,Pulp
SEPTIN7,Pulp
PYCR3,Pulp
PPT1,Pulp
F6PJF0,Pulp
RAP2A,Pulp
MPZ,Pulp
MYADM,Pulp
LOC100051562,Pulp
PDHB,Pulp
RPA1,Pulp
LTF,Pulp
RALA,Pulp
A0A3Q2LQ12,Pulp
SAA1,Pulp
SGCD,Pulp
ACTL6A,Pulp
HRG,Pulp
CUL5,Pulp
ATIC,Pulp
A0A5F5PIK2,Pulp
SELENBP1,Pulp
C5AR1,Pulp
A0A3Q2H6K9,Pulp
A0A5F5PJ67,Pulp
VTN,Pulp
C3,Pulp
APOB,Pulp
CTHRC1,Pulp
EPX,Pulp
TGFB1I1,Pulp
A0A3Q2IAJ9,Pulp
PICALM,Pulp
NUDT21,Pulp
NANS.1,Pulp
CKB,Pulp
MLIP,Pulp
A0A3Q2KTH0,Pulp
ERLIN2,Pulp
TRIM2,Pulp
LOC111771768,Pulp
HPRT1,Pulp
CORO1B,Pulp
ZFAND2B,Pulp
STOM,Pulp
RSU1,Pulp
AIFM1,Pulp
A0A5F5PR55,Pulp
A0A3Q2HK38,Pulp
NRCAM,Pulp
RAB11FIP1,Pulp
SEPTIN10,Pulp
GDA,Pulp
LIMA1,Pulp
SLC25A3,Pulp
A0A3Q2GZS4,Pulp
SRPRA,Pulp
UBA1,Pulp
CAPNS1,Pulp
EIF4A2,Pulp
DAZAP1,Pulp
F6YRE0,Pulp
NSFL1C,Pulp
RAB3A,Pulp
LANCL1,Pulp
DYNLL1,Pulp
FLOT1,Pulp
PPP2CA,Pulp
OPA1,Pulp
A0A3Q2H144,Pulp
ESD,Pulp
F7CS04,Pulp
ENPP1,Pulp
EZR,Pulp
HMGCL,Pulp
PFKP,Pulp
CNN2,Pulp
G6PD,Pulp
SET,Pulp
CD109,Pulp
TGFBI,Pulp
LTBP1,Pulp
SORBS2,Pulp
SUCLG1,Pulp
RNH1,Pulp
CLIC4,Pulp
ITGA1,Pulp
RPL5,Pulp
ATP6V1B2,Pulp
NIPSNAP3A,Pulp
RPL26,Pulp
XPNPEP1,Pulp
MZB1,Pulp
CIRBP,Pulp
PTGFRN,Pulp
A0A3Q2HCC9,Pulp
ALOX5,Pulp
RACK1,Pulp
FARSB,Pulp
NPTN,Pulp
GORASP2,Pulp
S100A11,Pulp
A0A5F5PIJ3,Pulp
EIF3F,Pulp
SEC24D,Pulp
RPS8,Pulp
A0A3Q2I3R0,Pulp
FSCN1,Pulp
EEA1,Pulp
FAT3,Pulp
RTN4,Pulp
RPL35,Pulp
YBX1,Pulp
RPL31,Pulp
PTGES3,Pulp
GBE1,Pulp
ATP5PO,Pulp
LOC100055584,Pulp
RPL36,Pulp
FAHD2A,Pulp
DCTN1,Pulp
TRIM28.1,Pulp
LOC100067491,Pulp
A0A5F5PN84,Pulp
F6S9X8,Pulp
TOP1,Pulp
PSMA2,Pulp
PPP1CA,Pulp
NPM1,Pulp
ACO2,Pulp
A0A3Q2HGH1,Pulp
ATG3,Pulp
ACIN1,Pulp
TIMM22,Pulp
ASPH,Pulp
AGO3,Pulp
GJC3,Pulp
PRKAR1A,Pulp
NUDT5,Pulp
SERPINB6,Pulp
RPL10,Pulp
F10,Pulp
PCCB,Pulp
A0A3Q2H3M7,Pulp
ITIH2,Pulp
A0A3Q2HN80,Pulp
TYMP,Pulp
TCEA1,Pulp
NASP,Pulp
QSOX1,Pulp
NEFH,Pulp
YWHAB,Pulp
A0A3Q2H1E0,Pulp
ARRB1,Pulp
NNT,Pulp
CORO7,Pulp
RTCB,Pulp
A0A3Q2H3L6,Pulp
STIP1,Pulp
SDHA,Pulp
A0A3Q2L058,Pulp
ALDOA,Pulp
DHX15,Pulp
F6YWS5,Pulp
DCXR,Pulp
LASP1,Pulp
ATP2A2,Pulp
DYNC1H1,Pulp
HSDL2,Pulp
FUBP1,Pulp
USP5,Pulp
PSMB6,Pulp
SDHB,Pulp
FERMT3,Pulp
ETHE1,Pulp
JCHAIN,Pulp
ITGB2.1,Pulp
OMD,Pulp
DPYSL3,Pulp
AP2M1,Pulp
SERPINF1,Pulp
PGAM1,Pulp
ABLIM1,Pulp
MECP2,Pulp
EIF4B,Pulp
ERP29,Pulp
LMAN2,Pulp
CAPN2,Pulp
ATP5F1D,Pulp
HK1,Pulp
NUCB1,Pulp
GAPDH,Pulp
EIF5,Pulp
ACE,Pulp
UBQLN4,Pulp
PLXNB2,Pulp
PTN,Pulp
FYB1,Pulp
PSMA1,Pulp
ATP6V1E1,Pulp
GNB4,Pulp
BUB3,Pulp
ADD3,Pulp
COL21A1,Pulp
TSPAN8,Pulp
STXBP2,Pulp
MIF,Pulp
ALYREF,Pulp
PPIG,Pulp
FTH1,Pulp
FLOT2,Pulp
RAB8B,Pulp
PRPF8,Pulp
SRSF7,Pulp
UBL4A,Pulp
PARP1,Pulp
NAGK,Pulp
RNASE4,Pulp
RALB,Pulp
PRSS53,Pulp
RBMX,Pulp
RAB6A,Pulp
A0A3Q2H1Y2,Pulp
ALDH1L1,Pulp
MYOF,Pulp
APOA1,Pulp
NEFL,Pulp
RPS15,Pulp
WDR1,Pulp
F6T2L8,Pulp
CAPZA1,Pulp
SEPTIN5,Pulp
LOC100146833,Pulp
FGB,Pulp
TARS1,Pulp
ALDH6A1,Pulp
KARS1,Pulp
TGM2,Pulp
LDHA,Pulp
ARL3,Pulp
F6UMV1,Pulp
C9,Pulp
MAMDC4,Pulp
A0A5F5PGV3,Pulp
A0A3Q2HJE2,Pulp
CTSG,Pulp
GAS2,Pulp
HNRNPK,Pulp
UGP2,Pulp
PON2,Pulp
NIPSNAP2,Pulp
AFM,Pulp
GOT2,Pulp
S100A13,Pulp
HMGB2,Pulp
A0A3Q2HRV7,Pulp
MDH2,Pulp
A0A3Q2HZU7,Pulp
CAV1,Pulp
A0A3Q2GVT5,Pulp
A0A3Q2LIQ8,Pulp
QARS1,Pulp
F6Z2I7,Pulp
VWA1,Pulp
ENDOD1,Pulp
PGLS,Pulp
F6R3B2,Pulp
HNRNPA2B1,Pulp
EML4,Pulp
NDUFV2,Pulp
CAPZA2,Pulp
PSMD3,Pulp
FAM171B,Pulp
EIPR1,Pulp
F6PLJ2,Pulp
PABPC1,Pulp
ASRGL1,Pulp
TAPBP,Pulp
TPP1,Pulp
GNAI1,Pulp
A0A3Q2HBK6,Pulp
COPA,Pulp
DDX5,Pulp
CAPG,Pulp
SARS1,Pulp
PTBP1,Pulp
RPL9,Pulp
A0A5F5Q1J8,Pulp
PGAM5,Pulp
CCT5,Pulp
TES,Pulp
ACAT1,Pulp
GM2A,Pulp
TPR,Pulp
RPL27A,Pulp
F6QF58,Pulp
USP14,Pulp
CRYAB,Pulp
AAMDC,Pulp
SEPTIN9,Pulp
DENR,Pulp
NCL,Pulp
CBX5,Pulp
VIT,Pulp
BTF3,Pulp
LSM3,Pulp
SOD2,Pulp
TRIM25,Pulp
C7,Pulp
PLEC,Pulp
RUNDC1,Pulp
DBN1.1,Pulp
CSRP2,Pulp
PDCD10,Pulp
ATP5IF1,Pulp
FGA.1,Pulp
GLG1,Pulp
PPP1R2,Pulp
OCIAD2,Pulp
ECHS1,Pulp
LOC106783161,Pulp
THSD4,Pulp
H2AZ2,Pulp
RPS27L,Pulp
KRT10A,Pulp
CENPV,Pulp
SMC1A.1,Pulp
SNX5,Pulp
IMPDH2,Pulp
RPS10,Pulp
ATP1B3,Pulp
H1-5,Pulp
SLC25A5,Pulp
NUMA1,Pulp
BTK,Pulp
F6Q1M4,Pulp
C3.1,Pulp
TKT,Pulp
GRHPR,Pulp
APPL1,Pulp
A0A3Q2IC53,Pulp
VAT1,Pulp
A0A3Q2HTB7,Pulp
LXN,Pulp
HP1BP3,Pulp
A0A5F5PGW4,Pulp
WNT5A,Pulp
RPL8,Pulp
A0A3Q2GTV3,Pulp
RAP1B,Pulp
RPS26,Pulp
DCLK1,Pulp
SPECC1,Pulp
RDX,Pulp
FETUB,Pulp
DCAF13,Pulp
A0A3Q2GXZ7,Pulp
PCK2,Pulp
MTHFD1,Pulp
VAT1L,Pulp
CAPN1,Pulp
GSPT1,Pulp
ASPA,Pulp
PALS2,Pulp
LTA4H,Pulp
EHD1,Pulp
UBE2M,Pulp
PSMD1,Pulp
CORO1A,Pulp
GLUD1,Pulp
PLEK,Pulp
EPS15L1,Pulp
RRAS2,Pulp
PRDX2,Pulp
SERPINB8,Pulp
A0A3Q2I997,Pulp
FLT3,Pulp
LAMA4,Pulp
THYN1,Pulp
RUVBL2,Pulp
A0A3Q2HJ89,Pulp
SCIN,Pulp
CHIT1,Pulp
ACSS3,Pulp
ARL8B,Pulp
SRSF6,Pulp
PGM1,Pulp
F6Z049,Pulp
RPS3A,Pulp
DDOST,Pulp
DKK3,Pulp
RBM12,Pulp
ARPC1B,Pulp
COPB2,Pulp
PDLIM4,Pulp
EIF2S3B,Pulp
ITIH3,Pulp
NEK9,Pulp
CD81,Pulp
GMFG,Pulp
IDH3G,Pulp
H1-10,Pulp
ACY1,Pulp
A0A5F5PQQ2,Pulp
PRX,Pulp
PCCA,Pulp
EEF1G,Pulp
RPS19,Pulp
NDRG1,Pulp
HSPB6,Pulp
ERP44,Pulp
LUZP1,Pulp
PSMA6,Pulp
A0A5F5PPB8,Pulp
ME2,Pulp
FH,Pulp
AIP,Pulp
CAT,Pulp
HSPA8,Pulp
APEX1,Pulp
RPRD1B,Pulp
HNRNPF,Pulp
HNRNPA1,Pulp
YWHAZ,Pulp
SYNPO,Pulp
ACTBL2,Pulp
A0A5F5PTF6,Pulp
TPM2,Pulp
RPS14,Pulp
PPBP,Pulp
ILF3,Pulp
CYP2U1,Pulp
HEBP1,Pulp
COL14A1,Pulp
TNS3,Pulp
A0A3Q2HNB4,Pulp
AP2B1,Pulp
DPP9,Pulp
DYNLL2,Pulp
LIMCH1,Pulp
ECH1,Pulp
DMD,Pulp
NIBAN1,Pulp
A0A3Q2H0E7,Pulp
WDR82,Pulp
BICC1,Pulp
PGD,Pulp
OLA1,Pulp
A0A3Q2HB15,Pulp
EEF1A2,Pulp
PRDX6,Pulp
RPS4X,Pulp
ALOX5AP,Pulp
LETM1,Pulp
ALDOC,Pulp
FERMT2,Pulp
SRSF9,Pulp
RPS6KA1,Pulp
ADIPOQ,Pulp
CAPZB,Pulp
WTAP,Pulp
F6W7C0,Pulp
CSNK1A1,Pulp
DBT,Pulp
A0A3Q2HX54,Pulp
PAK2,Pulp
KIF5C,Pulp
HAPLN3,Pulp
NUTF2,Pulp
BZW1,Pulp
DCPS,Pulp
SF3A1,Pulp
H2BC21,Pulp
LPP,Pulp
DDT,Pulp
C11H17ORF47,Pulp
PDHX,Pulp
CYFIP1,Pulp
UAP1L1,Pulp
ISCU,Pulp
SFPQ,Pulp
RBM14,Pulp
TNN,Pulp
TECR,Pulp
MDK,Pulp
HNRNPH1,Pulp
STK26,Pulp
PITPNB,Pulp
KHDRBS1,Pulp
C5,Pulp
MPO,Pulp
COL12A1,Pulp
PON1,Pulp
PSMB4,Pulp
A0A5F5PFM7,Pulp
PDLIM1,Pulp
NDUFB4,Pulp
COPS8,Pulp
BPIFA2,Pulp
GPX3,Pulp
ALDH5A1,Pulp
PSMD10,Pulp
KRT42,Pulp
LAMA2,Pulp
CD151,Pulp
A0A3Q2H9R1,Pulp
MBNL2,Pulp
YARS1,Pulp
NID2,Pulp
CFD,Pulp
CAVIN3,Pulp
PSMF1,Pulp
GLIPR2,Pulp
NCAM1,Pulp
P4HA1,Pulp
CNTN1,Pulp
RPS5,Pulp
MYO1C,Pulp
ARPC2,Pulp
IMPA1,Pulp
HDGFL3,Pulp
RAB2A,Pulp
PRKAR2A,Pulp
ZFHX4,Pulp
C2,Pulp
EFTUD2,Pulp
PCMT1,Pulp
COX5A,Pulp
EEF1A1,Pulp
TTR,Pulp
A0A3Q2H2T1,Pulp
NONO,Pulp
AGK,Pulp
MRC2,Pulp
SH3GLB1,Pulp
CRAT,Pulp
DNAJA2,Pulp
AP1B1,Pulp
GNAI2,Pulp
SNRNP70,Pulp
TPM2.1,Pulp
ILK,Pulp
SFXN3,Pulp
ITGAL,Pulp
NDUFA10,Pulp
NHLRC2,Pulp
TMOD3,Pulp
NUDT3,Pulp
ITPA,Pulp
HADHB,Pulp
SPTBN1,Pulp
FUOM,Pulp
FXYD7,Pulp
STAT3,Pulp
GAPDHS,Pulp
LGALS3,Pulp
RPL3,Pulp
IBA57,Pulp
ALPL,Pulp
UQCRC2,Pulp
ATP5PD,Pulp
A0A3Q2HMR5,Pulp
SUCLA2,Pulp
REXO2,Pulp
ELOB,Pulp
APEH,Pulp
SNRPD1,Pulp
GNB1,Pulp
ACO1,Pulp
MMRN2,Pulp
MGST3,Pulp
FBLN1.1,Pulp
HSD17B11,Pulp
RPL18,Pulp
A0A3Q2HLY5,Pulp
ATP1A1,Pulp
RPL15,Pulp
ATP1B1,Pulp
NAXE,Pulp
EPRS1,Pulp
TIMM50,Pulp
TPRKB,Pulp
NADK2,Pulp
PDHA1,Pulp
B1MV73,Pulp
SURF4,Pulp
SYNM,Pulp
FLII,Pulp
MBP,Pulp
FAH,Pulp
GSTM3,Pulp
A0A3Q2H3W6,Pulp
EIF3H,Pulp
PRDX3,Pulp
SNX6,Pulp
MACROH2A1,Pulp
CTSZ,Pulp
HNRNPAB,Pulp
NHERF2,Pulp
A0A3Q2H9C6,Pulp
TNS1,Pulp
VPS25,Pulp
SF3B2,Pulp
TIMP1,Enamel
SERPIND1,Enamel
FGA,Enamel
SERPINA1,Enamel
APRT,Enamel
APOA4,Enamel
HRG,Enamel
HIPK1,Enamel
COL5A1,Enamel
PLG,Enamel
PCOLCE,Enamel
ANXA5,Enamel
CP,Enamel
LOC100067532,Enamel
AGT,Enamel
NME2,Enamel
A0A3Q2H1L4,Enamel
MMP20,Enamel
COL11A2,Enamel
PHEX,Enamel
A0A3Q2KU18,Enamel
CALR,Enamel
NUCB1,Enamel
SERPINF2,Enamel
LOX,Enamel
BGN,Enamel
CFB,Enamel
SPON1,Enamel
TTR,Enamel
PPP1R12A,Enamel
C3,Enamel
VIM,Enamel
CRP,Enamel
PPIB,Enamel
COL6A2,Enamel
AMBP,Enamel
TUBB4B,Enamel
HABP2,Enamel
IGHM,Enamel
PLOD1,Enamel
CLU,Enamel
GAPDH,Enamel
AOC2,Enamel
COL11A1,Enamel
A0A3Q2H680,Enamel
ENO1,Enamel
ANXA1,Enamel
SERPING1,Enamel
IGHM.1,Enamel
SPARC,Enamel
F2,Enamel
CPZ,Enamel
SERPINC1,Enamel
A0A3Q2HMJ3,Enamel
SERPINF1,Enamel
A0A5F5PGW4,Enamel
AHSG,Enamel
CFD,Enamel
CENPH,Enamel
DDX55,Enamel
CLEC3B,Enamel
F6Q1M4,Enamel
APOH,Enamel
PALB2,Enamel
FETUB,Enamel
A0A3Q2LCW0,Enamel
SRPX2,Enamel
TRAF2,Enamel
A0A3Q2GXZ7,Enamel
A0A3Q2HD35,Enamel
S100A6,Enamel
HSPG2,Enamel
CPB2,Enamel
FMOD,Enamel
HSP90AA1,Enamel
A0A3Q2GXB1,Enamel
A0A3Q2ID60,Enamel
PROC,Enamel
SFRP2,Enamel
S100A1,Enamel
APOC2,Enamel
LDHB,Enamel
F6SN37,Enamel
LMNA,Enamel
APOA1,Enamel
FASN,Enamel
A0A3Q2I5C4,Enamel
DPYSL2,Enamel
FTCD,Enamel
BPIFA2,Enamel
ALB,Enamel
YWHAB,Enamel
APOC3,Enamel
RAB1B,Enamel
SEMA3D,Enamel
TF,Enamel
QPCT,Enamel
AHNAK,Enamel
APOA2,Enamel
LOC100067869,Enamel
C1QB,Enamel
QSOX1,Enamel
CHID1,Enamel
VIT,Enamel
F6SHJ8,Enamel
A0A5F5PPB8,Enamel
SPARCL1,Enamel
LUM,Enamel
APP,Enamel
BRD4,Enamel
LOC100059239,Enamel
F10,Enamel
A0A3Q2I8J7,Enamel
KCNN4,Enamel
KRT36,Enamel
A0A3Q2H3M7,Enamel
F7CAC5,Enamel
DDX31,Enamel
IGFALS,Enamel
CFI,Enamel
PGD,Enamel
THBS4,Enamel
PGK1,Enamel
DSPP,Enamel
FGB,Enamel
ALB.1,Enamel
COL23A1,Enamel
KRT82,Enamel
KRT88,Enamel
FNDC1,Enamel
YWHAZ,Enamel
A0A3Q2I854,Enamel
HTRA1,Enamel
A0A3Q2H9B8,Enamel
SRPX,Enamel
LCP1,Enamel
PDIA6,Enamel
LOC100050904,Enamel
LOC100061663,Enamel
PROS1,Enamel
C3.1,Enamel
PKM,Enamel
PRDX1,Enamel
IGFBP5,Enamel
F9,Enamel
AMBN,Enamel
CD248,Enamel
SPP2,Enamel
TUBA1B,Enamel
FGF23,Enamel
PROZ,Enamel
COL12A1,Enamel
TUBA1A,Enamel
PSAP,Enamel
MFGE8,Enamel
AEBP1,Enamel
KRT33B,Enamel
COL6A1,Enamel
SEC14L2,Enamel
A0A3Q2GTT5,Enamel
LDHA,Enamel
POSTN,Enamel
POSTN.1,Enamel
CCDC80,Enamel
A0A3Q2H0T7,Enamel
SERPINA3,Enamel
TTC23,Enamel
P4HB,Enamel
KRT42,Enamel
H9GZT5,Enamel
A1BG,Enamel
EIF4A2,Enamel
A0A3Q2IA12,Enamel
COL17A1,Enamel
TPP1,Enamel
A0A3Q2GT62,Enamel
MSN,Enamel
PRSS8,Enamel
THBS1,Enamel
F7,Enamel
HBB,Enamel
FSTL3,Enamel
EFEMP2,Enamel
PLA2G2A,Enamel
SAA1,Enamel
NBL1,Enamel
P4HA2,Enamel
HSP90B1,Enamel
A0A3Q2HLY7,Enamel
COL1A1,Enamel
LOC100050992,Enamel
COL2A1,Enamel
SERPINH1,Enamel
PLCL2,Enamel
EMILIN1,Enamel
VTN,Enamel
EEF1A1,Enamel
TGFBI,Enamel
SPP1,Enamel
KRT1,Enamel
COL3A1,Enamel
P3H4,Enamel
LOC100059533,Enamel
A2M,Enamel
AMELX,Enamel
INHCA,Enamel
A0A5F5PU03,Enamel
S100A9,Enamel
COL5A1.1,Enamel
C9,Enamel
MFRP,Enamel
TUT4,Enamel
COL5A2,Enamel
A0A5F5PI90,Enamel
C1QTNF3,Enamel
COL22A1,Enamel
A0A3Q2H875,Enamel
CTHRC1,Enamel
PRDX2,Enamel
DNAJC3,Enamel
ANKRD29,Enamel
F7D5X8,Enamel
AFP,Enamel
PRELP,Enamel
A0A5F5PIJ3,Enamel
KRT10A,Enamel
MMP13,Enamel
SPATA1,Enamel
COL1A2,Enamel
NPC2,Enamel
IBSP,Enamel
APOD,Enamel
H9GZU8,Enamel
COL6A3,Enamel
HBA,Enamel
DPT,Enamel
PIDD1,Enamel
H3-3A,Enamel
ACTB,Enamel
PAM,Enamel
CHAD,Enamel
PCOLCE2,Enamel
ALDOC,Enamel
DDX5,Enamel
NTS,Enamel
F6R013,Enamel
ASPN,Enamel
WAS,Enamel
TGFB1,Enamel
GAS6,Enamel
FBLN1,Enamel
ECM2,Enamel
ENAM,Enamel
LRRC17,Enamel
CLEC11A,Enamel
PODN,Enamel
SERPINB1,Enamel
AMTN,Enamel
MMP2,Enamel
UBA52,Enamel
OMD,Enamel
A0A3Q2GY57,Dentine
A0A3Q2I5C4,Dentine
MDK,Dentine
PTN,Dentine
CFP,Dentine
SLIT3,Dentine
PADI2,Dentine
HABP2,Dentine
ANXA1,Dentine
SFRP1,Dentine
PCOLCE2,Dentine
HSPD1,Dentine
DSPP,Dentine
SERPIND1,Dentine
SEMA3E,Dentine
HSPA1A,Dentine
H2AC19,Dentine
C7,Dentine
HHIPL1,Dentine
BMP1,Dentine
MANBA,Dentine
CFH,Dentine
HSP90B1,Dentine
TIMP2,Dentine
PCSK5,Dentine
SEMA3D,Dentine
SERPINA10,Dentine
COL5A1,Dentine
SPON1,Dentine
LECT2,Dentine
CLSTN1,Dentine
AOC2,Dentine
PHEX,Dentine
HSP90AA1,Dentine
FRZB,Dentine
PROS1,Dentine
CFI,Dentine
PROC,Dentine
MATN2,Dentine
CALR,Dentine
F10,Dentine
CCN2,Dentine
QSOX1,Dentine
MMP2,Dentine
PCOLCE,Dentine
CCL16,Dentine
PLOD1,Dentine
A0A3Q2I7E3,Dentine
EHD4,Dentine
RBM41,Dentine
CHAD,Dentine
C1QB,Dentine
C1QC,Dentine
CTHRC1,Dentine
COL5A2,Dentine
SERPINH1,Dentine
MSN,Dentine
IGHM,Dentine
C6,Dentine
ANXA5,Dentine
VCAN,Dentine
BGN,Dentine
ITIH4,Dentine
HSPA8,Dentine
F2,Dentine
MMP20,Dentine
PCNP,Dentine
COL5A1.1,Dentine
COL11A1,Dentine
GPC6,Dentine
ADAMTS3,Dentine
TGM2,Dentine
ANXA2,Dentine
F7BF53,Dentine
HNRNPK,Dentine
UBA52,Dentine
EPYC,Dentine
GNB1,Dentine
ECM1,Dentine
IGFBP6,Dentine
A0A5F5PGW4,Dentine
FSTL1,Dentine
MAN1A1,Dentine
PLA2G2A,Dentine
HIPK1,Dentine
ITIH2,Dentine
SPARC,Dentine
GAS6,Dentine
CLEC3B,Dentine
TCN2,Dentine
ACTR3B,Dentine
PSMA5,Dentine
TIMP1,Dentine
NUCB2,Dentine
PPIB,Dentine
A0A3Q2H1L4,Dentine
THBS4,Dentine
A0A3Q2ID60,Dentine
CPE,Dentine
A0A5F5Q393,Dentine
LUM,Dentine
PSAP,Dentine
NUCB1,Dentine
CFD,Dentine
EEF1A1,Dentine
COL6A3,Dentine
COL24A1,Dentine
MYH9,Dentine
IGFALS,Dentine
GPR108,Dentine
SERPINC1,Dentine
PFKM,Dentine
TUBB4B,Dentine
A0A5F5PR55,Dentine
APP,Dentine
FAM20C,Dentine
PDIA3,Dentine
FBN2,Dentine
ZMAT1,Dentine
HSPG2,Dentine
AFP,Dentine
PLG,Dentine
CTSF,Dentine
SMPDL3A,Dentine
CHMP5,Dentine
CFL2,Dentine
HNRNPA2B1,Dentine
F7C5F1,Dentine
DNAJC3,Dentine
EXOC3L4,Dentine
ZFYVE27,Dentine
CD81,Dentine
MRC2,Dentine
CLU,Dentine
AKAP11,Dentine
VTN,Dentine
SIL1,Dentine
IDUA,Dentine
TUBA1A,Dentine
LYZ,Dentine
SERPINF1,Dentine
C8B,Dentine
TMEM132C,Dentine
APOA1,Dentine
LOC111771316,Dentine
CHID1,Dentine
SNRPB,Dentine
APOB,Dentine
A0A5F5PEG2,Dentine
HSPA5,Dentine
DPYD,Dentine
A0A3Q2GSX0,Dentine
PLOD2,Dentine
FGA,Dentine
A2M,Dentine
A0A3Q2HMJ3,Dentine
THY1,Dentine
NPC2,Dentine
THBS1,Dentine
EEF2,Dentine
A0A3Q2H3M7,Dentine
QPCT,Dentine
EIF4A2,Dentine
ARPC2,Dentine
C2,Dentine
ECM2,Dentine
NPNT,Dentine
PRTN3,Dentine
FGA.1,Dentine
ANGPTL5,Dentine
LOC111773844,Dentine
TUBA1B,Dentine
RAB1B,Dentine
CD248,Dentine
A2M.1,Dentine
HBA,Dentine
TUBB2B,Dentine
TSN,Dentine
KRT82,Dentine
SMPD1,Dentine
GLNB2,Dentine
DNPEP,Dentine
TIMP3,Dentine
A0A3Q2GTT5,Dentine
CRP,Dentine
IGFBP2,Dentine
PRDX1,Dentine
LOC106783161,Dentine
PRCP,Dentine
TOP1MT,Dentine
A0A3Q2IE61,Dentine
SERPINA3,Dentine
AHSG,Dentine
A0A5F5PZ80,Dentine
A0A3Q2IAY9,Dentine
NES,Dentine
P3H4,Dentine
LDHA,Dentine
A0A3Q2GVP3,Dentine
RAC1,Dentine
APOE,Dentine
CCDC80,Dentine
SERPINA1,Dentine
H9GZT5,Dentine
IGFBP5,Dentine
EFEMP2,Dentine
TTC23,Dentine
PDIA6,Dentine
CFAP300,Dentine
VCL,Dentine
NCKAP1,Dentine
AGT,Dentine
SPP2,Dentine
FLNC,Dentine
A0A3Q2GXB1,Dentine
COL1A1,Dentine
PSMA3,Dentine
CTSA,Dentine
FGB,Dentine
F6ZRH8,Dentine
HRG,Dentine
TPP1,Dentine
VIT,Dentine
CP,Dentine
SOD3,Dentine
COLGALT1,Dentine
SERPINA5,Dentine
GAS8,Dentine
PACSIN2,Dentine
CFB,Dentine
F9,Dentine
KNG1,Dentine
H9GZV1,Dentine
TKT,Dentine
APOH,Dentine
C5,Dentine
ENAM,Dentine
FETUB,Dentine
TGFB1,Dentine
CAP2,Dentine
ADH5,Dentine
ADIPOQ,Dentine
C8A,Dentine
CLTC,Dentine
EIF5A2,Dentine
ITIH1,Dentine
SERPINA6,Dentine
VIM,Dentine
CPQ,Dentine
COL11A2,Dentine
A0A5F5PUU0,Dentine
A0A5F5PXB8,Dentine
MAPK3,Dentine
WNT5A,Dentine
F6Q1M4,Dentine
AMBP,Dentine
TRAF2,Dentine
LCP1,Dentine
LINGO1,Dentine
NUP210L,Dentine
DKK3,Dentine
PDCD6IP,Dentine
CPB2,Dentine
FTL,Dentine
RPS6KA1,Dentine
TGFBI,Dentine
LOC111770943,Dentine
PGD,Dentine
PFN1,Dentine
HPX,Dentine
KCNN4,Dentine
SERPINB10,Dentine
A0A3Q2HR98,Dentine
BPIFA2,Dentine
GOT2,Dentine
WARS1,Dentine
PLS3,Dentine
KIAA0100,Dentine
KPLCE,Dentine
LDHB,Dentine
A0A5F5PPB8,Dentine
DDX55,Dentine
SCIN,Dentine
NPEPPS,Dentine
F6R013,Dentine
WDR1,Dentine
A0A3Q2GT62,Dentine
LGALS1,Dentine
PKM,Dentine
YWHAE,Dentine
RSPO4,Dentine
LOC100067869,Dentine
GAPDH,Dentine
TUT4,Dentine
SPATA1,Dentine
ARHGDIA,Dentine
PLBD2,Dentine
ARSB,Dentine
LTBP3,Dentine
PGAM1,Dentine
S100A1,Dentine
TLN1,Dentine
PSMA4,Dentine
CAPZA2,Dentine
ALDH9A1,Dentine
GPC1,Dentine
NDUFAB1,Dentine
ALB,Dentine
PARK7,Dentine
PRDX2,Dentine
AEBP1,Dentine
KCTD4,Dentine
ASPN,Dentine
TICRR,Dentine
PAFAH1B2,Dentine
TYMP,Dentine
APOA2,Dentine
LRRC17,Dentine
COL1A2,Dentine
PTX3,Dentine
CPZ,Dentine
SCRN1,Dentine
PAM,Dentine
SERPINB1,Dentine
KPNB1,Dentine
A0A3Q2HIQ4,Dentine
POSTN,Dentine
NPTN,Dentine
PPIA,Dentine
PPP2R1B,Dentine
SAA1,Dentine
HK1,Dentine
SPOCK2,Dentine
SERPINF2,Dentine
P4HB,Dentine
A0A3Q2HQF0,Dentine
A0A5F5PJT8,Dentine
KAZALD1,Dentine
ACTB,Dentine
A0A3Q2HIZ4,Dentine
IBSP,Dentine
DDX5,Dentine
MPO,Dentine
F6PYM2,Dentine
SERPING1,Dentine
UBA1,Dentine
PCSK1N,Dentine
PRDX6,Dentine
GDI1,Dentine
A0A3Q2IA12,Dentine
ACTN1,Dentine
EEF1G,Dentine
COL3A1,Dentine
GPI,Dentine
AMBN,Dentine
C3,Dentine
LMNA,Dentine
GLG1,Dentine
CPVL,Dentine
DPYSL2,Dentine
ENO1,Dentine
A0A5F5PI90,Dentine
ANKRD29,Dentine
IGHM.1,Dentine
BLVRB,Dentine
IFT140,Dentine
APRT,Dentine
DDX31,Dentine
EMILIN1,Dentine
LOC100050992,Dentine
A0A5F5PIJ3,Dentine
LOC100064703,Dentine
F6RLX6,Dentine
KCTD12,Dentine
USP5,Dentine
MDH1,Dentine
MFRP,Dentine
H3-3A,Dentine
SFRP2,Dentine
RNASET2,Dentine
PRSS35,Dentine
TDRD15,Dentine
F6WGX6,Dentine
ATIC,Dentine
PON1,Dentine
KRT73,Dentine
FSCN1,Dentine
GLOD4,Dentine
ATP5F1B,Dentine
A0A5F5PLA5,Dentine
C3.1,Dentine
A0A3Q2L5E0,Dentine
TALDO1,Dentine
LTF,Dentine
A0A3Q2HLK6,Dentine
DHDH,Dentine
VASN,Dentine
ALDH1A3,Dentine
ENO2,Dentine
KRT42,Dentine
A0A3Q2LCW0,Dentine
VCPIP1,Dentine
FUBP1,Dentine
CKB,Dentine
HTRA1,Dentine
HBB,Dentine
A0A5F5PQH7,Dentine
SRPX2,Dentine
DEPDC1B,Dentine
CTH,Dentine
TPI1,Dentine
LOX,Dentine
H2AZ2,Dentine
SELENBP1,Dentine
COL6A2,Dentine
PLEC,Dentine
FASN,Dentine
F6SN37,Dentine
F7C349,Dentine
ALDH7A1,Dentine
PROZ,Dentine
JUP,Dentine
A0A3Q2GSV8,Dentine
C9,Dentine
ARCN1,Dentine
SPP1,Dentine
KRT33B,Dentine
MDH2,Dentine
ENPP2,Dentine
F6S8W6,Dentine
TYK2,Dentine
LOC100065605,Dentine
SERPINE1,Dentine
MEAK7,Dentine
AZU1,Dentine
POSTN.1,Dentine
A0A3Q2HCW6,Dentine
SEC14L2,Dentine
CPN2,Dentine
YWHAZ,Dentine
A0A3Q2H7L7,Dentine
GSTA4,Dentine
AKR1B1,Dentine
APOA4,Dentine
F7C0D2,Dentine
A0A3Q2H0T7,Dentine
CENPH,Dentine
CAPN1,Dentine
GOT1,Dentine
A0A3Q2H473,Dentine
A0A3Q2GXU9,Dentine
ATP13A2,Dentine
KRT42.1,Dentine
TF,Dentine
ALB.1,Dentine
ALDOC,Dentine
AMELX,Dentine
A0A3Q2KU18,Dentine
F6SXQ9,Dentine
PGM1,Dentine
S100A9,Dentine
PRELP,Dentine
ACTA2,Dentine
APOD,Dentine
GALM,Dentine
PGK1,Dentine
LOXL4,Dentine
F7BY22,Dentine
ALDOA,Dentine
C1QTNF3,Dentine
LOC100059533,Dentine
A1BG,Dentine
A0A3Q2HD35,Dentine
DPT,Dentine
COL15A1,Dentine
CA1,Dentine
COL22A1,Dentine
APOC2,Dentine
KRT10A,Dentine
HPRT1,Dentine
MAP1B,Dentine
F7,Dentine
PALB2,Dentine
ADK,Dentine
SPARCL1,Dentine
FGF23,Dentine
A0A3Q2GXZ7,Dentine
A0A3Q2GX72,Dentine
PLBD1,Dentine
LOC111769984,Dentine
CA3,Dentine
WAS,Dentine
NBL1,Dentine
OMD,Dentine
DSP,Dentine
TPM2,Dentine
LOC100059239,Dentine
CA2,Dentine
ITM2B,Dentine
P38029,Dentine
SERPINA1.1,Dentine
RETN,Dentine
PODN,Dentine
TTR,Dentine
A0A3Q2H875,Dentine
AMTN,Dentine
A0A3Q2I8J7,Dentine
A0A5F5PSS2,Dentine
CEP55,Dentine
SRPX,Dentine
FBLN1,Dentine
F7CBR0,Dentine
LRG1,Dentine
MMP13,Dentine
F6SHJ8,Dentine
CLEC11A,Dentine
NASP,Dentine
KRT1,Dentine
FBP1,Dentine
A0A3Q2I854,Dentine
COL12A1,Dentine
KRT82.1,Dentine
CTSG,Dentine
GPC1,Cementum
FAM171B,Cementum
ITGA10,Cementum
SERPINF2,Cementum
CKB,Cementum
SERPINF1,Cementum
NUCB1,Cementum
C3,Cementum
YWHAZ,Cementum
SERPINA10,Cementum
SERPINA1,Cementum
YWHAE,Cementum
SERPINC1,Cementum
YWHAB,Cementum
ENO1,Cementum
PDIA6,Cementum
ITGB1,Cementum
PDGFRL,Cementum
COL11A1,Cementum
ITIH2,Cementum
COL14A1,Cementum
A0A452GER8,Cementum
LOC100059239,Cementum
IGFALS,Cementum
FN1,Cementum
VCL,Cementum
CA2,Cementum
IFITM5,Cementum
RAB1B,Cementum
FAM20C,Cementum
HNRNPK,Cementum
HABP2,Cementum
PHEX,Cementum
TGFBI,Cementum
PLCD1,Cementum
RPSA,Cementum
TUBB,Cementum
ILF2,Cementum
CENPV,Cementum
APOA1,Cementum
CLU,Cementum
OLFML3,Cementum
AHCY,Cementum
MAN1A1,Cementum
SPARC,Cementum
EFEMP2,Cementum
F2,Cementum
CRTAP,Cementum
F6Q1M4,Cementum
DPT,Cementum
PLG,Cementum
LUM,Cementum
SEPTIN2,Cementum
NONO,Cementum
SIL1,Cementum
GNAI2,Cementum
HBB,Cementum
RAB5C,Cementum
A0A5F5PNF9,Cementum
ITIH1,Cementum
NID2,Cementum
ACTR3,Cementum
RAP1B,Cementum
CPE,Cementum
MFRP,Cementum
APOC2,Cementum
VTN,Cementum
EEF1A1,Cementum
CAP1,Cementum
MSN,Cementum
SERPINE2,Cementum
LOX,Cementum
COL11A2,Cementum
SERPIND1,Cementum
ANXA5,Cementum
LDHA,Cementum
EEF2,Cementum
P4HB,Cementum
RPL30,Cementum
SPARCL1,Cementum
ITM2B,Cementum
A0A3Q2HQF0,Cementum
HSPB1,Cementum
GDI2,Cementum
COL15A1,Cementum
CS,Cementum
COL5A1,Cementum
CLEC11A,Cementum
ACTB,Cementum
PPIA,Cementum
APOA4,Cementum
A0A3Q2HA27,Cementum
A0A3Q2GXT1,Cementum
LCP1,Cementum
P4HA2,Cementum
CA1,Cementum
PDIA3,Cementum
P3H4,Cementum
A0A5F5PFU5,Cementum
VIT,Cementum
KHSRP,Cementum
CHAD,Cementum
THBS3,Cementum
TLN1,Cementum
ILF3,Cementum
A0A3Q2HB15,Cementum
A0A5F5PTG2,Cementum
SEC23A,Cementum
F7DCS5,Cementum
GPI,Cementum
BPIFA2,Cementum
SNRPG,Cementum
ANXA11,Cementum
RPS5,Cementum
PLBD1,Cementum
AEBP1,Cementum
A0A5F5PR55,Cementum
SOD2,Cementum
NTS,Cementum
PKM,Cementum
EEF1G,Cementum
BPI,Cementum
RPS3,Cementum
CCT5,Cementum
A0A5F5PPB8,Cementum
APOA2,Cementum
H3-3A,Cementum
TPP1,Cementum
A0A3Q2H4N7,Cementum
A0A3Q2IEF5,Cementum
GAPDH,Cementum
ARHGDIB,Cementum
PRTN3,Cementum
PSMA7,Cementum
RACK1,Cementum
GDA,Cementum
BGN,Cementum
SAR1B,Cementum
CRP,Cementum
EIF4A2,Cementum
FUCA1,Cementum
FGB,Cementum
SEMA3D,Cementum
LOC100072592,Cementum
MPO,Cementum
AZU1,Cementum
PRSS35,Cementum
YWHAQ,Cementum
LRRC17,Cementum
NDUFS3,Cementum
OMD,Cementum
PRELP,Cementum
TGFB1,Cementum
RNPS1,Cementum
THBS4,Cementum
TNFAIP8,Cementum
ANXA1,Cementum
HNRNPU,Cementum
IGF1,Cementum
FMOD,Cementum
A0A3Q2H875,Cementum
PLOD1,Cementum
A0A3Q2HMJ3,Cementum
SFPQ,Cementum
COL6A3,Cementum
ARPC2,Cementum
SERPING1,Cementum
VIM,Cementum
COL22A1,Cementum
H2AZ2,Cementum
CCT4,Cementum
A0A3Q2GXB1,Cementum
LGALS1,Cementum
TRA2B,Cementum
CPSF6,Cementum
PLEC,Cementum
LRP1,Cementum
CFL1,Cementum
TMED2,Cementum
RPS2,Cementum
GFPT1,Cementum
VDAC2,Cementum
F7CIM1,Cementum
IGFBP5,Cementum
CLEC3B,Cementum
PROZ,Cementum
APOC3,Cementum
MACROH2A1,Cementum
RETN,Cementum
K9K4D8,Cementum
LMNB2,Cementum
ASPH,Cementum
LOC100059533,Cementum
CHID1,Cementum
MYH10,Cementum
TPI1,Cementum
A0A5F5PJT8,Cementum
F7CYG2,Cementum
CLIC1,Cementum
SERPINH1,Cementum
DHX15,Cementum
ADK,Cementum
SEPTIN9,Cementum
HADHA,Cementum
MFGE8,Cementum
HNRNPUL2,Cementum
S100A9,Cementum
JUP,Cementum
MDH2,Cementum
A0A3Q2I5C4,Cementum
APOE,Cementum
TRAF2,Cementum
PTN,Cementum
COL6A1,Cementum
SYNCRIP,Cementum
KRT82,Cementum
A0A5F5PI90,Cementum
CPNE3,Cementum
PPIB,Cementum
ARPC5,Cementum
F7,Cementum
MYO1B,Cementum
HRG,Cementum
SFRP2,Cementum
A0A3Q2I7E3,Cementum
A0A3Q2HRN8,Cementum
UAP1L1,Cementum
FGA,Cementum
PPME1,Cementum
HNRNPL,Cementum
TIMP2,Cementum
GANAB,Cementum
ATP5F1A,Cementum
KRT10A,Cementum
A0A3Q2IAY9,Cementum
CTHRC1,Cementum
PROC,Cementum
HTRA1,Cementum
SDCBP,Cementum
A0A5F5PSP3,Cementum
ACADVL,Cementum
AHNAK,Cementum
LMNA,Cementum
AOC2,Cementum
ENAH,Cementum
UBA1,Cementum
COL5A1.1,Cementum
C3.1,Cementum
F6T2L8,Cementum
NUP210L,Cementum
A0A3Q2KPT6,Cementum
HSP90B1,Cementum
LTF,Cementum
OLFML1,Cementum
PPP1CA,Cementum
SRPX2,Cementum
RPS15A,Cementum
APP,Cementum
PRDX1,Cementum
SIRT2,Cementum
A0A3Q2HMR5,Cementum
A0A3Q2I6N0,Cementum
PCOLCE,Cementum
F9,Cementum
VCP,Cementum
QPCT,Cementum
CKAP4,Cementum
TKT,Cementum
MMP9,Cementum
F6TTP1,Cementum
A0A5F5PG80,Cementum
ATP5F1B,Cementum
VDAC1,Cementum
A0A3Q2GXU9,Cementum
A2M,Cementum
EWSR1,Cementum
CORO1A,Cementum
C1QTNF3,Cementum
PAFAH1B1,Cementum
A0A3Q2LHZ1,Cementum
FGF23,Cementum
CD248,Cementum
CD81,Cementum
A0A3Q2H3W6,Cementum
HNRNPR,Cementum
FNDC1,Cementum
ACLY,Cementum
S100A6,Cementum
A0A3Q2HX48,Cementum
COPG1,Cementum
THY1,Cementum
CPB2,Cementum
SRSF7,Cementum
LOC100064703,Cementum
F7A4V1,Cementum
RPS3A,Cementum
SPP2,Cementum
AHSG,Cementum
ATP1A1,Cementum
F10,Cementum
PYGL,Cementum
ANXA2,Cementum
CPXM1,Cementum
A0A3Q2HS29,Cementum
OGN,Cementum
DIPK2A,Cementum
DNPEP,Cementum
RPS23,Cementum
A0A3Q2GYS6,Cementum
TRA2A,Cementum
PRDX6,Cementum
GNB2,Cementum
UBA52,Cementum
F6ZND8,Cementum
A0A3Q2I635,Cementum
RBM12,Cementum
GOT2,Cementum
PGK1,Cementum
ASPN,Cementum
F6QDH0,Cementum
PAM,Cementum
PROS1,Cementum
F6QF58,Cementum
SON,Cementum
A0A5F5PJ20,Cementum
SF3A2,Cementum
PLA2G2A,Cementum
EFTUD2,Cementum
PLBD2,Cementum
CCDC80,Cementum
A0A5F5PT94,Cementum
ANXA6,Cementum
PSMA4,Cementum
A0A3Q2HLY5,Cementum
RPL10A,Cementum
PAICS,Cementum
TGM2,Cementum
LOC100050764,Cementum
CD9,Cementum
RPL18,Cementum
ALB,Cementum
SSR1,Cementum
CTNNA3,Cementum
A0A3Q2HRV7,Cementum
CFD,Cementum
VCAN,Cementum
ALPL,Cementum
KAZALD1,Cementum
QSOX1,Cementum
RDX,Cementum
CP,Cementum
APRT,Cementum
WASF2,Cementum
HSPA1A,Cementum
TCP1,Cementum
PRDX4,Cementum
CAND1,Cementum
A0A3Q2I1J2,Cementum
ACTA2,Cementum
PRPF8,Cementum
A0A3Q2H0K9,Cementum
CNDP2,Cementum
RPL7,Cementum
CALR,Cementum
TIMP1,Cementum
NCL,Cementum
PGD,Cementum
IQGAP1,Cementum
PODN,Cementum
HNRNPUL1,Cementum
A0A3Q2H0E7,Cementum
STOM,Cementum
SF3B2,Cementum
DPYSL2,Cementum
MINPP1,Cementum
SRSF4,Cementum
A0A3Q2I574,Cementum
THBS2,Cementum
SND1,Cementum
KRT42,Cementum
HSPG2,Cementum
KHDRBS1,Cementum
TUBA4A,Cementum
LOC111769984,Cementum
DDX39B,Cementum
CCT6A,Cementum
WARS1,Cementum
KPNB1,Cementum
LOC100067869,Cementum
COL1A1,Cementum
PDCD6,Cementum
PALB2,Cementum
CTSG,Cementum
GSTM3,Cementum
LOC111773844,Cementum
A0A3Q2GT24,Cementum
A0A3Q2H5H5,Cementum
AGT,Cementum
RPS4X,Cementum
ACTG1,Cementum
RPS8,Cementum
ERC1,Cementum
COL24A1,Cementum
FLNB,Cementum
F6SHJ8,Cementum
RSU1,Cementum
HSPA5,Cementum
CCT2,Cementum
COL5A2,Cementum
HNRNPA2B1,Cementum
RPS24,Cementum
WAS,Cementum
IGFBP3,Cementum
F6RLX6,Cementum
OXSR1,Cementum
SERPINB1,Cementum
RPL24,Cementum
PLS3,Cementum
H9GZU8,Cementum
APMAP,Cementum
HADHB,Cementum
AMBP,Cementum
RPL14,Cementum
PDCD10,Cementum
MMP20,Cementum
OXCT2,Cementum
FBLN1,Cementum
DES,Cementum
INHCA,Cementum
MECP2,Cementum
A0A3Q2GTF2,Cementum
CCDC102A,Cementum
TMED10,Cementum
F6V5A0,Cementum
VAT1,Cementum
A0A3Q2GYM5,Cementum
HPRT1,Cementum
FUBP1,Cementum
MYO6,Cementum
FTL,Cementum
KRT1,Cementum
COPA,Cementum
PON1,Cementum
ORC1,Cementum
RPS6KA3,Cementum
RPS6,Cementum
A0A3Q2GXZ7,Cementum
HBA,Cementum
ACIN1,Cementum
F6SN37,Cementum
A0A3Q2HU56,Cementum
NUCB2,Cementum
MYO1C,Cementum
PODNL1,Cementum
RPS26,Cementum
AMTN,Cementum
DCN,Cementum
TTR,Cementum
DNAJC3,Cementum
A0A5F5PJK6,Cementum
CLTC,Cementum
KRT33B,Cementum
GAS6,Cementum
H9GZT5,Cementum
ANTXR1,Cementum
F6R013,Cementum
MYH9,Cementum
ALDH1A1,Cementum
SQOR,Cementum
ALB.1,Cementum
THBS1,Cementum
SNRPD1,Cementum
NBL1,Cementum
S100A11,Cementum
DLAT,Cementum
SEPTIN6,Cementum
A0A3Q2KUL8,Cementum
IGHM,Cementum
PSMB3,Cementum
SNRPC,Cementum
KRT73,Cementum
H1-4,Cementum
PPP2CB,Cementum
CNN3,Cementum
MMP13,Cementum
COL1A2,Cementum
LTBP3,Cementum
A0A5F5PFZ7,Cementum
ALDOA,Cementum
ALDH2,Cementum
MMP2,Cementum
ITGB2,Cementum
ACTN1,Cementum
DPYSL3,Cementum
CPSF7,Cementum
LYZ,Cementum
COL12A1,Cementum
RPN2,Cementum
PFN1,Cementum
PGM1,Cementum
HPX,Cementum
A0A3Q2L374,Cementum
TGM3,Cementum
A0A5F5Q393,Cementum
CANX,Cementum
LOC100052045,Cementum
ECM2,Cementum
SRSF6,Cementum
PYGB,Cementum
POSTN,Cementum
POSTN.1,Cementum
COL6A2,Cementum
DDOST,Cementum
WASL,Cementum
SLC25A11,Cementum
NIBAN2,Cementum
PGRMC1,Cementum
SPP1,Cementum
CTSF,Cementum
CALD1,Cementum
A0A3Q2LIQ8,Cementum
EIF3A,Cementum
PDIA4,Cementum
SMPDL3A,Cementum
HNRNPH1,Cementum
CFB,Cementum
INHBA,Cementum
RPL4,Cementum
A0A5F5PMT3,Cementum
EMILIN1,Cementum
MVP,Cementum
UQCRC2,Cementum
C9,Cementum
TMEM119,Cementum
PTBP1,Cementum
COL9A2,Cementum
DSP,Cementum
A0A5F5PGW4,Cementum
A0A3Q2GTT5,Cementum
RPS16,Cementum
POSTN.2,Cementum
A0A3Q2I854,Cementum
PDCD6IP,Cementum
SLC25A3,Cementum
NDUFS1,Cementum
ITIH4,Cementum
S100A16,Cementum
FKBP10,Cementum
RPS19,Cementum
CPQ,Cementum
ATP6V1B2,Cementum
FBLN2,Cementum
MYOF,Cementum
NDUFA4,Cementum
F6WGX6,Cementum
IFI30,Cementum
SELENBP1,Cementum
LMNB1,Cementum
SCARB2,Cementum
MB,Cementum
COL3A1,Cementum
ATP5F1C,Cementum
HNRNPA3,Cementum
RPL13A,Cementum
